model,brand,garage
Savana,GMC,Dextrose and Sodium Chloride
Breeze,Plymouth,FACE IT 4D PERPECT TWO-WAY CAKE NB21
Acadia,GMC,Ibuprofen
Allroad,Audi,DARAPRIM
Savana 1500,GMC,Ropinirole Hydrochloride
Soul,Kia,GRAPHITES
Chariot,Mitsubishi,Aceon
62,Maybach,Alba Botanica Natural Very Emollient Daily Shade SPF15
Express 1500,Chevrolet,Isosorbide
Truck,Mitsubishi,CVS Hemorrhoidal
GS,Lexus,Lisinopril
Yukon,GMC,Retin-A
3500,Chevrolet,ALKERAN
Z3,BMW,Nevirapine
Lynx,Mercury,Uroxatral
Rally Wagon 3500,GMC,InnoPran XL
